Ticket id,Requester,Requester email,Subject,Description,Created at,Channel,Status
T-1000,Alice Turner,alice.turner@example.com,We want to define stage names ourselves,"We need different stage lists for enforcement matters and advisory matters. Right now there's only one list, everything gets mixed up.",2026-08-05T09:14:00Z,Email,Open
T-1001,Michael Carter,michael.carter@example.com,Stage change history isn't visible,"When we change a matter's stage, we can't see who changed it and when, it's not in the history tab.",2026-08-12T09:14:00Z,Chat,Open
T-1002,Zoe Peterson,zoe.peterson@example.com,Do matters disappear when a stage is deleted,"We wanted to delete a stage but it had matters in it, we don't know what would happen, so we didn't try it.",2026-08-20T09:14:00Z,Email,Open
T-1003,Colin Ford,colin.ford@example.com,Custom stage lists per practice area,"Can we customize the matter stage list per practice area? Enforcement matters need different stages than litigation matters, right now it's one shared list for the whole office.",2026-09-02T09:14:00Z,Email,Open
T-1004,Ella Shaw,ella.shaw@example.com,Dragging a stage in Kanban doesn't change the category,"In the Kanban view, when we drag a card and drop it into another stage, the open/pending/closed label doesn't seem to update.",2026-09-10T09:14:00Z,In-app,Open
T-1005,Brandon Wilder,brandon.wilder@example.com,"""Matter stage"" field disappeared","After the update, the ""Matter stage"" button doesn't work, nothing happens when we click it.
We tried it from two computers, same result.",2026-09-15T09:14:00Z,Chat,Open
T-1006,Sophie Aldridge,sophie.aldridge@example.com,Copying and editing the template stage list,"Can we copy the built-in template (General: Open, In progress, Decided, On appeal, Closed) and rename the stages to suit us?",2026-09-22T09:14:00Z,Email,Open
T-1007,Ethan Cross,ethan.cross@example.com,Why is there a 50-stage limit,"We tried to add more than 50 stages and the system wouldn't let us. That limit might be too low for large firms, can it be raised?",2026-09-26T09:14:00Z,Email,Open
T-1008,Dana Steele,dana.steele@example.com,Court e-filing notice tracking works great,"It automatically tracks notices coming from the court e-filing system, the 'new document' badge is really useful, thank you.",2026-08-02T09:14:00Z,Email,Open
T-1009,Grace Palmer,grace.palmer@example.com,Where do we add a paper notice we received by hand,"We received a paper document served by hand from the other side, how can we get it into the system, we couldn't find a place to upload it.",2026-08-09T09:14:00Z,Chat,Open
T-1010,Kevin Ashby,kevin.ashby@example.com,Reading a paper notice with OCR,"We'd like to scan a paper notice and have OCR automatically read its deadline, but we couldn't find a button like ""upload document"".",2026-08-16T09:14:00Z,Email,Open
T-1011,Nina Earl,nina.earl@example.com,Tax authority e-notice connection and deadline calculation,"The tax authority's e-notice connection works great, the deadline calculations come out correct, we're happy.",2026-08-24T09:14:00Z,Email,Open
T-1012,Owen Gunn,owen.gunn@example.com,The list of undelivered documents was useful,"The list of undelivered documents and the 'Download all' button were really useful, before we used to check them one by one.",2026-09-03T09:14:00Z,In-app,Open
T-1013,Paige Dawson,paige.dawson@example.com,Form for entering physical notices manually,"We'd like a form where we can manually enter a physical (hand-delivered) notice and type in its deadline ourselves.",2026-09-09T09:14:00Z,Chat,Open
T-1014,Todd Kerr,todd.kerr@example.com,Upload scanned paper notices with OCR,"We need to upload scanned paper notices directly and have OCR read the date and deadline from the scan, same as the court e-filing system flow.",2026-09-17T09:14:00Z,Email,Open
T-1015,Yasmin Oakes,yasmin.oakes@example.com,National e-notice alerts arrive instantly,"National e-notice alerts arrive instantly, that's great, we just expect the same speed on the paper notice side too.",2026-09-24T09:14:00Z,Email,Open
T-1016,Alice Turner,alice.turner@example.com,Bulk export of all matters to Excel,"We'd like a button to export all matters to Excel in one go, right now we open and save them one by one.",2026-08-06T09:14:00Z,Email,Open
T-1017,Michael Carter,michael.carter@example.com,Bulk export of the client list,"Once a month we bulk export the whole client list and send it to accounting, right now we copy it by hand, it takes a lot of time.",2026-08-19T09:14:00Z,Chat,Open
T-1018,Zoe Peterson,zoe.peterson@example.com,Bulk export of matters and documents,"Can we bulk export all matters and their linked documents as a single zip file, for offline archiving at year end?",2026-09-01T09:14:00Z,Email,Open
T-1019,Colin Ford,colin.ford@example.com,Bulk download of selected matters as PDF,"We'd like to bulk download several selected matters as PDF, we need it before an audit.",2026-09-08T09:14:00Z,In-app,Open
T-1020,Ella Shaw,ella.shaw@example.com,Bulk export of the matter list as CSV,"For reporting, we don't need the activity log, we want to bulk export the whole matter list (name, stage, client) as CSV.",2026-09-14T09:14:00Z,Email,Open
T-1021,Brandon Wilder,brandon.wilder@example.com,Exporting 100+ matters without opening them one by one,"Bulk exporting more than 100 matters without opening each one is essential, we lose a lot of time on this for the annual audit.",2026-09-19T09:14:00Z,Chat,Open
T-1022,Sophie Aldridge,sophie.aldridge@example.com,Bulk export with stage history,"Bulk export of case files together with their stage history and matter dates would save us hours every month, right now we copy fields by hand.",2026-09-23T09:14:00Z,Email,Open
T-1023,Ethan Cross,ethan.cross@example.com,Bulk download for year-end archiving,"Can we bulk download all documents and matter records for year-end archiving, going folder by folder takes way too long.",2026-09-27T09:14:00Z,Email,Open
T-1024,Dana Steele,dana.steele@example.com,We want clients to see their own matter,"It would be great to have a portal where our clients could see their own matters, they keep calling to ask.",2026-08-03T09:14:00Z,Email,Open
T-1025,Grace Palmer,grace.palmer@example.com,Access on a matter shared with outside counsel,"On a matter we work on jointly with outside counsel, we'd like a way for them to log in with limited access too.",2026-08-21T09:14:00Z,Chat,Open
T-1026,Kevin Ashby,kevin.ashby@example.com,A client-specific share link,"We'd like to send clients a personal login link to share documents, right now we send everything by email, it's hard to track.",2026-09-05T09:14:00Z,Email,Open
T-1027,Nina Earl,nina.earl@example.com,Client portal for case status,"Do you have a client portal where our customers can log in and check their case status themselves, without calling us every time?",2026-09-11T09:14:00Z,Email,Open
T-1028,Owen Gunn,owen.gunn@example.com,When is the client portal coming,"When is the client portal coming, competing products (Harvey, Legora) already have this, our clients are asking too.",2026-09-16T09:14:00Z,In-app,Open
T-1029,Paige Dawson,paige.dawson@example.com,Reducing phone traffic with client login,"We'd like a page with its own client login to cut down on clients calling to ask about matter status, reception is worn out.",2026-09-21T09:14:00Z,Chat,Open
T-1030,Todd Kerr,todd.kerr@example.com,Limited invitation for outside counsel,"We need an invitation system that gives outside counsel limited access to just one matter, we don't want to open the whole account.",2026-09-25T09:14:00Z,Email,Open
T-1031,Yasmin Oakes,yasmin.oakes@example.com,"Bulk document upload, drag and drop","We'd like to bulk upload documents from our computer, it would help to select multiple files with drag and drop.",2026-08-07T09:14:00Z,Email,Open
T-1032,Alice Turner,alice.turner@example.com,Moving a document attached to the wrong matter,"We uploaded a document and attached it to the wrong matter by mistake, we couldn't move it to the right one, we had to delete it and upload it again.",2026-08-14T09:14:00Z,Chat,Open
T-1033,Michael Carter,michael.carter@example.com,Bulk upload as a folder,"Can we upload as a folder, with subfolders included, or do we have to select everything one by one?",2026-08-25T09:14:00Z,Email,Open
T-1034,Zoe Peterson,zoe.peterson@example.com,Manually adding an email attachment to the system,"We can't manually add a special document that arrives as an email attachment from outside the court, it seems like it only comes in from the court e-filing system, the national e-notice network, or the tax authority.",2026-09-04T09:14:00Z,Email,Open
T-1035,Colin Ford,colin.ford@example.com,Error uploading large PDFs,"We get an error uploading large PDFs (over 50MB), what's the maximum file size, it's not stated anywhere.",2026-09-12T09:14:00Z,In-app,Open
T-1036,Ella Shaw,ella.shaw@example.com,Confusing matter-linking step after upload,"After uploading a document, the step where we choose which matter to link it to is confusing, we end up attaching it to the wrong matter by mistake.",2026-09-18T09:14:00Z,Chat,Open
T-1037,Brandon Wilder,brandon.wilder@example.com,Bulk drag-and-drop for scanned documents,"We'd like to bulk upload scanned paper documents with drag and drop, selecting them one by one is slow.",2026-09-26T09:14:00Z,Email,Open
T-1038,Sophie Aldridge,sophie.aldridge@example.com,Daily hearing count in the calendar,"We can't see how many hearings fall on which day in a given month in the calendar, there's only a list view, it's hard to scan.",2026-08-10T09:14:00Z,Email,Open
T-1039,Ethan Cross,ethan.cross@example.com,No date-range filter in the calendar,"We can't filter a specific date range in the monthly calendar view, we have to switch months one by one.",2026-08-17T09:14:00Z,Chat,Open
T-1040,Dana Steele,dana.steele@example.com,Google Calendar sync,"Can we sync the hearing calendar with our own Google Calendar, we'd like to follow it from our phones too.",2026-08-27T09:14:00Z,Email,Open
T-1041,Grace Palmer,grace.palmer@example.com,Calendar per-day hearing count,"The calendar view is great but I can't see a count of hearings per day at a glance, I have to open each day separately.",2026-09-06T09:14:00Z,Email,Open
T-1042,Kevin Ashby,kevin.ashby@example.com,Calendar is capped at 100 records in a busy month,"We saw a warning that for a month with more than 100 records, the calendar only shows the first 100, how do we see the rest?",2026-09-13T09:14:00Z,In-app,Open
T-1043,Nina Earl,nina.earl@example.com,Picking a date range to filter the calendar,"We'd like to pick a date range to filter the calendar, right now it looks like we can only select a single day.",2026-09-20T09:14:00Z,Chat,Open
T-1044,Owen Gunn,owen.gunn@example.com,We want dark mode,"We want dark mode in the mobile app, our eyes get really tired in the evenings.",2026-08-04T09:14:00Z,In-app,Open
T-1045,Paige Dawson,paige.dawson@example.com,Password reset email isn't arriving,"I forgot my password, the reset email isn't arriving, I checked spam too and it's not there, can you help?",2026-08-11T09:14:00Z,Chat,Open
T-1046,Todd Kerr,todd.kerr@example.com,Where do I download an invoice,"Where can we download last month's invoice, we can't find a billing tab.",2026-08-18T09:14:00Z,Chat,Open
T-1047,Yasmin Oakes,yasmin.oakes@example.com,Turning off two-factor authentication,"We want to turn off two-factor authentication, waiting for an SMS every time we log in slows us down.
Also the verification code sometimes doesn't arrive at all, could you call us back at this number: (555) 123-4567",2026-08-26T09:14:00Z,Phone,Open
T-1048,Alice Turner,alice.turner@example.com,App loads slowly in the mornings,"The app is sometimes very slow to open, especially during the busy 9am period, we don't know if other people are reporting this too.",2026-09-02T09:14:00Z,Email,Open
T-1049,Michael Carter,michael.carter@example.com,Adding a team member,"What do we need to do to add a new assistant to the team, where do we send the invite link from?",2026-09-09T09:14:00Z,Chat,Open
T-1050,Zoe Peterson,zoe.peterson@example.com,Making notifications in-app only,"Can we set notifications to in-app only instead of email, our inbox is getting too full.",2026-09-16T09:14:00Z,In-app,Open
T-1051,Colin Ford,colin.ford@example.com,Account verification and pricing question,"Could you verify our firm's account for us? Also, does the pricing plan have a limit on the number of users? We'd like to add our other partner too, their email: partner.attorney@example.com. We can also be reached at our landline: (555) 345-6789.",2026-09-24T09:14:00Z,Email,Open
